0,1,2,3,4,5,6,7,8,9,10,11,12,13,14,15,16,17,18,19,20,21,22,23,24,25,26,27,28,29,30,31,32,33,34,35,36,37,38,39,40,41,42,43,44,45,46,47,48,49,50,51,52,53,54,55,56,57,58,59,60,61,62,63,64
County,MOECC Site Number,Lat,Long,Site Type,Sample date,Year,bimaculatus Queens,bimaculatus workers,bimaculatus males,bimaculatus total,griseocollis Queen,griseocollis worker,griseocollis male,griseocollis total,impatiens Queens,impatiens workers,impatiens males,impatiens total, fervidus Queens,fervidus workers,fervidus males,fervidus total,borealis Queens,borealis workers,borealis males,borealis total,rufocinctus Queens,rufocinctus workers,rufocinctus males,rufocinctus total,pensylvanicus Queens,pensylvanicus workers,pensylvanicus males,pensylvanicus total,vagans Queens,vagans workers,vagans males,vagans total,ternarius Queens,ternarius workers,ternarius males,ternarius total,perplexus Queens,perplexus workers,perplexus males,perplexus total,citrinus Queens,citrinus males,citrinus total,auricomus Queens,auricomus workers,auricomus males,auricomus total,terricola Queens,terricola workers,terricola males,terricola total,flavidus Queens,flavidus males,flavidus total,Flowers in bloom,Flowers Bees Collected on,,
Middlesex Centre,1,43.06825,-81.33576,Agriculture,07/02/2015,2015,0,7,0,7,0,1,0,1,0,3,0,3,0,0,0,0,1,0,0,1,0,0,0,0,0,0,0,0,0,1,0,1,0,0,0,0,0,0,0,0,0,0,0,0,0,0,0,0,0,0,0,0,0,0,"birdsfoot trefoil, red clover, white clover, alfalfa","red clover, white clover",,
Middlesex Centre,2,43.107399,-81.284914,Agriculture,08/12/2015,2015,1,1,1,3,0,3,11,14,0,7,0,7,0,0,0,0,0,0,0,0,0,0,0,0,0,0,0,0,0,0,1,1,0,0,0,0,0,0,0,0,0,0,0,0,0,0,0,0,0,0,0,0,0,0,"teasel, some goldenrod, spotted knapweed, yellow evening primrose",teasel,,
Leamington,3,41.98744,-82.53101,Agriculture,05/28/2015,2015,2,0,0,2,10,0,0,10,7,1,0,8,0,0,0,0,0,0,0,0,0,0,0,0,0,0,0,0,0,0,0,0,0,0,0,0,0,0,0,0,0,0,0,0,0,0,0,0,0,0,0,0,0,0,Dame's violet,purple Dames violet ,,
Central Elgin,4,42.87079,-81.11372,Agriculture,06/03/2015,2015,0,8,0,8,1,0,0,1,0,0,0,0,0,0,0,0,1,0,0,1,2,1,0,3,0,0,0,0,0,0,0,0,0,0,0,0,0,0,0,0,0,0,0,0,0,0,0,0,0,0,0,0,0,0,red clover ,red clover,,
Central Elgin,4,42.87079,-81.11372,Agriculture,07/27/2015,2015,3,8,0,11,0,0,0,0,0,6,0,6,0,0,0,0,0,0,0,0,0,0,0,0,0,0,0,0,0,0,0,0,0,0,0,0,0,0,0,0,0,0,0,0,0,0,0,0,0,0,0,0,0,0,"Queen Anne's lace, alfalfa, birdsfoot trefoil, red clover, sweet white clover, milkweed, globe thistle, spotted knapweed, sow thistle, chicory, tall lambs ear-like ","red clover, birdsfoot trefoil, knapweed ",,
Southwest Middlesex,5,42.64343,-81.7068,Semi-natural remnant,08/04/2015,2015,0,3,8,11,0,8,7,15,0,4,1,5,0,0,0,0,0,0,0,0,0,0,0,0,0,0,0,0,0,5,1,6,0,0,0,0,0,0,1,1,0,9,9,0,0,0,0,0,0,0,0,0,0,0,,,,
Kincardine,6,44.17014,-81.53115,Agriculture,06/17/2015,2015,0,1,0,1,2,7,0,9,0,0,0,0,0,0,0,0,2,0,0,2,5,0,0,5,0,0,0,0,0,1,0,1,0,0,0,0,0,1,0,1,2,1,3,0,0,0,0,0,0,0,0,0,0,0,"vetch, red clover, birdsfoot trefoil","vetch, red clover, birdsfoot trefoil",,
Kincardine,6,44.17014,-81.53115,Agriculture,07/21/2015,2015,1,6,3,10,0,5,0,5,1,6,0,7,0,0,0,0,1,1,0,2,0,1,0,1,0,0,0,0,0,10,0,10,0,0,0,0,0,0,0,0,0,0,0,0,0,0,0,0,0,0,0,0,0,0,"milkweed, cow vetch, birdsfoot trefoil, St. Johnswort, spotted knapweed, red clover, Queen Anne's lace, daisy fleabane, chicory","cow vetch, red clover",,
Woodstock,7,43.13449,-80.77839,Semi-natural remnant,06/29/2015,2015,0,1,0,1,0,1,0,1,0,0,0,0,0,0,0,0,0,0,0,0,1,0,0,1,0,0,0,0,0,0,0,0,0,0,0,0,0,0,0,0,0,0,0,0,0,0,0,0,0,0,0,0,0,0,,,,
Perth South,8,43.24646,-81.18899,Agriculture,07/02/2015,2015,0,3,1,4,0,1,0,1,0,8,0,8,0,0,0,0,0,0,1,1,0,8,0,8,0,0,0,0,0,0,0,0,0,0,0,0,0,0,0,0,0,0,0,0,0,0,0,0,0,0,0,0,0,0,"yellow sweet clover, alfalfa, red clover, thistle",mostly yellow clover ,,
Perth South,8,43.24646,-81.18899,Agriculture,08/11/2015,2015,0,0,0,0,0,2,0,2,0,2,0,2,0,0,0,0,0,0,0,0,0,0,0,0,0,0,0,0,0,6,0,6,0,0,0,0,0,0,0,0,0,0,0,0,0,0,0,0,0,0,0,0,0,0,"Queen Anne's lace, goldenrod, burdock, red clover, common thistle, other thistle",,,
Thames Centre,9,42.913211,-80.956743,Semi-natural remnant,06/03/2015,2015,0,2,0,2,0,0,0,0,2,0,0,2,0,0,0,0,0,0,0,0,1,0,0,1,0,0,0,0,1,0,0,1,0,0,0,0,0,0,0,0,1,0,1,0,0,0,0,0,0,0,0,0,0,0,,,,
Zorra,10,43.254845,-81.027842,Semi-natural remnant,06/15/2015,2015,0,6,0,6,0,1,0,1,0,0,0,0,0,0,0,0,0,0,0,0,0,0,0,0,0,0,0,0,0,0,0,0,0,0,0,0,0,0,0,0,0,0,0,0,0,0,0,0,0,0,0,0,0,0,,,,
Zorra,10,43.254845,-81.027842,Semi-natural remnant,08/11/2015,2015,0,0,2,2,0,0,4,4,0,28,8,36,0,0,0,0,0,1,0,1,0,0,0,0,0,0,0,0,0,2,2,4,0,0,0,0,0,0,1,1,0,2,2,0,0,0,0,0,0,0,0,0,0,0,,,,
Dutton-Dunwich,11,42.67312,-81.48641,Agriculture,06/12/2015,2015,0,1,0,1,1,0,0,1,3,0,0,3,0,1,0,1,0,0,0,0,0,0,0,0,0,0,0,0,0,0,0,0,0,0,0,0,0,0,0,0,0,0,0,0,0,0,0,0,0,0,0,0,0,0,"red clover, white clover ",,,
London,12,43.034878,-81.191135,Semi-natural remnant,06/22/2015,2015,0,8,0,8,0,26,0,26,0,2,0,2,0,0,0,0,0,0,0,0,0,0,0,0,0,0,0,0,0,0,0,0,0,0,0,0,0,0,0,0,0,0,0,0,0,0,0,0,0,0,0,0,0,0,,,,
Grimsby,13,43.21804 ,-79.62868,Semi-natural remnant,07/24/2015,2015,0,3,0,3,0,2,0,2,0,2,0,2,0,0,0,0,0,0,0,0,0,0,0,0,0,0,0,0,0,2,0,2,0,0,0,0,0,0,0,0,0,0,0,0,0,0,0,0,0,0,0,0,0,0,,,,
Grimsby,13,43.21804 ,-79.62868,Semi-natural remnant,08/19/2015,2015,0,0,0,0,0,3,0,3,0,7,0,7,0,2,0,2,0,1,0,1,0,1,0,1,0,0,0,0,0,2,0,2,0,0,0,0,0,0,0,0,0,0,0,0,0,0,0,0,0,0,0,0,0,0,,,,
Southwest Middlesex,14,42.74374,-81.69839,Agriculture,06/19/2015,2015,0,2,0,2,1,1,0,2,1,0,0,1,0,0,0,0,1,0,0,1,0,0,0,0,0,0,0,0,0,0,0,0,0,0,0,0,0,0,0,0,0,0,0,0,0,0,0,0,0,0,0,0,0,0,"red clover, white clover, multiple kinds of vetch, birdsfoot trefoil",,,
Southwest Middlesex,14,42.74374,-81.69839,Agriculture,08/04/2015,2015,0,3,0,3,4,4,0,8,0,12,0,12,0,0,0,0,0,0,0,0,0,0,0,0,0,0,0,0,0,5,1,6,0,0,0,0,0,0,0,0,0,0,0,0,0,0,0,0,0,0,0,0,0,0,"cow vetch, Queen Anne's lace, chicory, white clover, yellow mustard, common teasel, bindweed ",undocumented,,
West Perth,15,43.45361,-81.41776,Agriculture,07/03/2015,2015,0,10,0,10,0,4,0,4,0,7,0,7,0,0,0,0,0,0,0,0,1,0,0,1,0,0,0,0,0,2,0,2,0,0,0,0,0,0,0,0,0,0,0,0,0,0,0,0,0,0,0,0,0,0,"cow vetch, milkweed, bindweed",cow vetch,,
West Perth,15,43.45361,-81.41776,Agriculture,08/12/2015,2015,0,0,1,1,0,1,0,1,0,14,9,23,0,0,0,0,0,0,0,0,0,1,0,1,0,0,0,0,0,18,0,18,0,0,0,0,0,0,0,0,0,0,0,0,0,0,0,0,0,0,0,0,0,0,"spotted knapweed, Queen Anne's lace, chicory, goldenrod",spotted knapweed,,
Leamington,16,42.041518,-82.513652,Semi-natural remnant,05/28/2015,2015,0,0,0,0,0,0,0,0,0,0,0,0,0,0,0,0,0,0,0,0,0,0,0,0,0,0,0,0,0,0,0,0,0,0,0,0,0,0,0,0,0,0,0,0,0,0,0,0,0,0,0,0,0,0,,,,
Leamington,16,42.041518,-82.513652,Semi-natural remnant,07/17/2015,2015,1,4,0,5,1,42,0,43,0,7,0,7,0,0,0,0,0,0,0,0,0,3,0,3,0,0,0,0,0,1,0,1,0,0,0,0,0,0,0,0,0,0,0,0,0,0,0,0,0,0,0,0,0,0,,,,
East Zorra - Tavistock,17,43.185363,-80.7074,Agriculture,06/29/2015,2015,0,27,0,27,0,0,0,0,0,5,0,5,0,0,0,0,0,0,0,0,0,2,0,2,0,0,0,0,0,0,0,0,0,0,0,0,0,0,0,0,0,0,0,0,0,0,0,0,0,0,0,0,0,0,"daisy, cow vetch, crown vetch red clover","red clover, crown vetch",,
East Zorra - Tavistock,17,43.185363,-80.7074,Agriculture,08/17/2015,2015,0,1,0,1,0,0,0,0,0,20,8,28,0,0,0,0,0,0,0,0,0,0,0,0,0,0,0,0,0,7,1,8,0,0,0,0,0,0,0,0,0,0,0,0,0,0,0,0,0,0,0,0,0,0,"Queen Anne's lace, thistle, teasel, goldenrod, cow vetch, chicory, red clover, sow thistle, yarrow, white sweet clover, black-eyed susans, New England aster","goldenrod, teasel",,
Dutton-Dunwich,18,42.604351,-81.43999,Semi-natural remnant,08/05/2015,2015,0,4,6,10,0,1,1,2,0,4,0,4,0,0,0,0,0,1,0,1,0,0,0,0,0,0,0,0,0,4,0,4,0,0,0,0,13,0,3,16,0,0,0,0,0,0,0,0,0,0,0,0,0,0,,,,
Middlesex Centre,19,42.956126,-81.435137,,06/24/2015,2015,0,0,0,0,0,0,0,0,1,0,0,1,1,0,0,1,0,0,0,0,0,0,0,0,0,0,0,0,0,0,0,0,0,0,0,0,0,0,0,0,0,0,0,0,0,0,0,0,0,0,0,0,0,0,,,,
Thames Centre,20,42.913807,-80.952353,Semi-natural remnant,06/25/2015,2015,0,3,0,3,0,14,0,14,0,3,0,3,0,0,0,0,0,0,0,0,1,1,0,2,0,0,0,0,0,2,0,2,0,0,0,0,0,0,0,0,0,0,0,0,0,0,0,0,0,0,0,0,0,0,,,,
Thames Centre,20,42.913807,-80.952353,Semi-natural remnant,08/17/2015,2015,0,0,2,2,0,1,1,2,1,16,0,17,0,0,0,0,0,0,0,0,0,0,2,2,0,0,0,0,0,6,1,7,0,0,0,0,0,0,0,0,0,1,1,0,0,0,0,0,0,0,0,0,0,0,,,,
Leamington,21,42.0508,-82.57956,Agriculture,05/27/2015,2015,0,4,0,4,3,0,0,3,0,9,2,11,1,0,0,1,0,0,0,0,0,0,0,0,0,0,0,0,0,0,0,0,0,0,0,0,0,0,0,0,0,0,0,0,0,0,0,0,0,0,0,0,0,0,"daisy fleabane, purple nightshade","daisy fleabane, purple nightshade",,
Leamington,21,42.0508,-82.57956,Agriculture,07/17/2015,2015,0,6,1,7,0,7,0,7,0,9,16,25,0,2,1,3,0,0,0,0,0,0,0,0,0,0,0,0,0,0,1,1,0,0,0,0,0,0,0,0,0,0,0,0,0,0,0,0,0,0,0,0,0,0,"red clover, crown vetch, white clover, Queen Anne's lace, white sweet clover, cattail, sow thistle ","sow thistle, crown vetch",,
Lucan Biddulph,22,43.198093,-81.428154,Semi-natural remnant,07/03/2015,2015,0,1,0,1,0,5,0,5,0,0,0,0,0,0,0,0,0,0,0,0,0,0,0,0,0,0,0,0,0,0,0,0,0,0,0,0,0,0,0,0,0,0,0,0,0,0,0,0,0,0,0,0,0,0,,,,
Lucan Biddulph,22,43.198093,-81.428154,Semi-natural remnant,08/12/2015,2015,0,3,1,4,0,6,5,11,0,6,3,9,0,0,0,0,0,0,0,0,0,1,0,1,0,0,0,0,0,2,1,3,0,0,0,0,0,0,0,0,0,2,2,0,0,0,0,0,0,0,0,0,0,0,,,,
Middlesex Centre,23,43.107399,-81.284914,Agriculture,07/15/2015,2015,1,9,0,10,1,7,0,8,0,10,0,10,0,0,0,0,1,3,0,4,4,0,0,4,2,2,0,4,0,3,0,3,0,1,0,1,0,2,0,2,0,0,0,0,0,0,0,0,0,0,0,0,0,0,"cow vetch, Queen Anne's lace, daisy fleabane, bindweed, red clover, medium-sized daisy, crown vetch",cow vetch,,
Goderich,24,43.755412,-81.699234,Semi-natural remnant,06/04/2015,2015,0,1,0,1,2,0,0,2,11,0,0,11,0,0,0,0,0,0,0,0,0,0,0,0,0,0,0,0,0,0,0,0,0,0,0,0,0,0,0,0,0,0,0,0,0,0,0,0,0,0,0,0,0,0,,,,
Ashfield-Colborne-Wawanosh,24,43.755412,-81.699234,Semi-natural remnant,07/15/2015,2015,3,14,0,17,2,8,0,10,0,12,0,12,0,0,0,0,0,0,0,0,2,0,0,2,0,0,0,0,0,0,0,0,0,2,0,2,2,0,0,2,0,0,0,0,0,0,0,0,0,0,0,0,0,0,,,,
Kincardine,25,44.06538,-81.61623,Semi-natural remnant,06/17/2015,2015,0,1,0,1,8,1,0,9,1,0,0,1,1,0,0,1,6,0,0,6,5,0,0,5,0,0,0,0,1,0,0,1,0,0,0,0,0,0,0,0,0,0,0,0,0,0,0,0,0,0,0,0,0,0,,,,
Huron-Kinloss,25,44.06538,-81.61623,Semi-natural remnant,07/21/2015,2015,0,3,0,3,1,7,0,8,0,2,0,2,0,1,0,1,0,1,0,1,0,0,0,0,1,0,0,1,0,1,0,1,0,0,0,0,0,0,0,0,0,0,0,0,0,0,0,0,0,0,0,0,0,0,,,,
Wellington North,26, 43.925022,-80.62119,Agriculture,07/17/2015,2015,0,0,0,0,0,2,0,2,0,1,0,1,0,0,0,0,0,1,0,1,0,2,0,2,0,0,0,0,0,0,0,0,0,0,0,0,0,0,0,0,0,0,0,0,0,0,0,0,0,0,0,0,0,0,,,,
Wellington North,26,43.925022,-80.62119,Agriculture,10/01/2015,2015,0,0,0,0,0,0,0,0,0,0,0,0,0,0,0,0,0,0,0,0,0,0,0,0,0,0,0,0,0,0,0,0,0,0,0,0,0,0,0,0,0,0,0,0,0,0,0,0,0,0,0,0,0,0,,,,
Hamilton,27,43.327634,-80.002642,Semi-natural remnant,06/11/2015,2015,0,0,0,0,0,1,0,1,0,7,0,7,0,0,0,0,0,0,0,0,0,1,0,1,0,0,0,0,0,1,0,1,0,0,0,0,0,0,0,0,0,0,0,0,0,0,0,0,0,0,0,0,0,0,,,,
Hamilton,27,43.327634 ,-80.002642,Semi-natural remnant,08/19/2015,2015,0,0,0,0,0,0,0,0,0,24,0,24,0,0,0,0,0,0,0,0,0,0,0,0,0,0,0,0,0,0,0,0,0,0,0,0,0,0,0,0,0,0,0,4,0,0,4,0,0,0,0,0,0,0,,,,
Enniskillen,28,42.77377,-82.21732,Agriculture,06/19/2015,2015,0,0,0,0,0,0,0,0,1,0,0,1,0,0,0,0,0,0,0,0,0,0,0,0,0,0,0,0,4,1,0,5,0,0,0,0,0,0,0,0,0,0,0,0,0,0,0,0,0,0,0,0,0,0,"birdsfoot trefoil, vetch, red clover, sweet pea",,,
Enniskillen,28,42.77377,-82.21732,Agriculture,08/19/2015,2015,0,1,0,1,0,0,0,0,0,5,0,5,0,0,0,0,0,0,0,0,0,0,0,0,0,0,0,0,0,4,0,4,0,0,0,0,0,0,0,0,0,9,9,0,0,0,0,0,0,0,0,0,0,0,"Queen Anne's lace, red clover, white clover, goldenrod, black-eyed Susans, teasel, common thistle, birdsfoot trefoil, sow thistle, winged loosestrife, daisy fleabane, sweet pea","goldenrod, teasel, birdsfoot trefoil",,
Windsor,29,42.25676,-83.048237,Semi-natural remnant,07/29/2015,2015,0,0,0,0,1,8,0,9,0,49,0,49,0,1,0,1,0,0,0,0,0,0,0,0,0,0,0,0,0,0,0,0,0,0,0,0,0,0,0,0,0,0,0,0,0,0,0,0,0,0,0,0,0,0,,,,
Windsor,30,42.26452,-83.082643,Semi-natural remnant,05/28/2015,2015,1,1,0,2,6,0,0,6,3,0,0,3,2,0,0,2,0,0,0,0,0,0,0,0,0,0,0,0,0,0,0,0,0,0,0,0,0,0,0,0,0,0,0,0,0,0,0,0,0,0,0,0,0,0,,,,
Windsor,30,42.26452,-83.082643,Semi-natural remnant,07/29/2015,2015,0,0,0,0,0,1,4,5,0,16,1,17,0,0,0,0,0,0,0,0,0,0,0,0,0,0,0,0,0,0,0,0,0,0,0,0,0,0,0,0,0,2,2,0,0,0,0,0,0,0,0,0,0,0,,,,
Guelph-Eramosa,31,43.594211,-80.343063,Agriculture,08/21/2015,2015,0,0,0,0,0,0,0,0,0,14,0,14,0,0,0,0,0,0,0,0,0,0,0,0,0,0,0,0,0,0,0,0,0,0,0,0,0,0,0,0,0,0,0,0,0,0,0,0,0,0,0,0,0,0,,,,
North Middlesex,32,43.16803,-81.68593,Agriculture,06/16/2015,2015,0,3,0,3,1,13,0,14,1,8,0,9,0,1,0,1,0,0,0,0,0,0,0,0,0,0,0,0,0,0,0,0,0,0,0,0,0,0,0,0,0,0,0,0,0,0,0,0,0,0,0,0,0,0,"birdsfoot trefoil, red clover, white clover, cow vetch","birdsfoot trefoil, vetch, red clover",,
North Middlesex,32,43.16803,-81.68593,Agriculture,07/20/2015,2015,1,4,1,6,2,2,0,4,0,13,0,13,1,11,0,12,0,0,0,0,0,1,0,1,0,0,0,0,0,0,0,0,0,0,0,0,0,0,0,0,0,0,0,0,0,0,0,0,0,0,0,0,0,0,"Queen Anne's lace, birdsfoot trefoil, red clover, thistle, white sweet clover","red clover, others undocumented",,
Lincoln,33, 43.096044,-79.397262,Agriculture,07/16/2015,2015,0,0,0,0,0,2,0,2,0,0,0,0,0,0,0,0,0,0,0,0,0,3,0,3,0,0,0,0,0,2,0,2,0,0,0,0,0,0,0,0,0,0,0,0,0,0,0,0,0,0,0,0,0,0,,,,
Lincoln,34, 43.095355,-79.409211,Agriculture,09/23/2015,2015,0,0,0,0,0,0,0,0,0,13,0,13,0,0,0,0,0,0,0,0,0,0,0,0,0,0,0,0,0,0,0,0,0,0,0,0,0,0,0,0,0,0,0,0,0,0,0,0,0,0,0,0,0,0,,,,
Lambton Shores,35,43.247816,-81.821837,Semi-natural remnant,07/20/2015,2015,1,3,0,4,0,11,0,11,0,4,0,4,0,0,0,0,0,0,0,0,0,0,0,0,0,0,0,0,0,3,0,3,0,0,0,0,0,0,0,0,0,0,0,0,0,0,0,0,0,0,0,0,0,0,,,,
Lambton Shores,35,43.247816,-81.821837,Semi-natural remnant,06/16/2015,2015,0,0,0,0,0,8,0,8,1,4,0,5,0,0,0,0,0,0,0,0,0,0,0,0,0,0,0,0,0,0,0,0,0,0,0,0,0,0,0,0,1,0,1,0,0,0,0,0,0,0,0,0,0,0,,,,
Lambton Shores,35,43.24323,-81.87457,Semi-natural remnant,08/21/2015,2015,0,0,0,0,1,0,6,7,0,15,15,30,0,0,0,0,0,0,0,0,0,0,0,0,0,0,0,0,0,6,3,9,0,0,0,0,0,0,0,0,0,3,3,0,0,0,0,0,0,0,0,0,0,0,,,,
Central Elgin,36,42.67456,-81.16695,Agriculture,07/27/2015,2015,0,1,0,1,0,9,0,9,0,28,0,28,0,0,0,0,0,0,0,0,0,2,0,2,0,0,0,0,1,1,0,2,0,0,0,0,0,0,0,0,0,0,0,0,0,0,0,0,0,0,0,0,0,0,"milkweed, dandelion, chicory, birdsfoot trefoil, spotted knapweed, crown vetch, Queen Anne's lace, red clover, sumac ","knapweed, clover ",,
Chatham-Kent,37,42.40626,-81.85917,Agriculture,06/26/2015,2015,0,1,0,1,1,10,0,11,0,0,0,0,0,0,0,0,0,0,0,0,0,0,0,0,0,0,0,0,0,1,0,1,0,0,0,0,0,0,0,0,0,0,0,0,0,0,0,0,0,0,0,0,0,0,"birdsfoot trefoil, daisy, red clover","birdsfoot trefoil, red clover",,
Chatham-Kent,37,42.40626,-81.85917,Agriculture,08/05/2015,2015,0,0,1,1,0,1,1,2,0,2,1,3,0,0,0,0,0,0,0,0,0,0,0,0,0,0,0,0,0,10,6,16,0,0,0,0,0,0,0,0,1,12,13,0,0,0,0,0,0,0,0,0,0,0,"goldenrod, teasel, hoary vervain, Queen Anne's lace, daisy fleabane, thistle",,,
Kincardine,38,44.17793,-81.52945,Agriculture,06/04/2015,2015,0,0,0,0,2,0,0,2,1,0,0,1,0,0,0,0,2,0,0,2,4,0,0,4,0,0,0,0,1,0,0,1,0,0,0,0,0,0,0,0,0,0,0,0,0,0,0,0,0,0,0,0,0,0,"daisy fleabane, common fleabane, red clover, birdsfoot trefoil ","common fleabane, birdsfoot trefoil",,
Chatham-Kent,39,42.31164,-81.848815,Semi-natural remnant,06/26/2015,2015,0,0,0,0,1,13,0,14,0,1,0,1,0,0,0,0,0,0,0,0,0,0,0,0,0,0,0,0,0,0,0,0,0,0,0,0,0,0,0,0,3,2,5,0,0,0,0,0,0,0,0,0,0,0,,,,
Chatham-Kent,39,42.31164,-81.848815,Semi-natural remnant,08/05/2015,2015,0,3,1,4,0,0,0,0,0,4,0,4,0,0,0,0,0,0,0,0,0,0,0,0,0,0,0,0,0,21,0,21,0,0,0,0,0,0,0,0,0,0,0,0,0,0,0,0,0,0,0,0,0,0,,,,
Hamilton,40, 43.286924,-79.906067,Semi-natural remnant,07/10/2015,2015,0,2,0,2,0,0,0,0,0,2,0,2,0,1,0,1,0,0,0,0,0,4,0,4,0,0,0,0,0,3,0,3,0,0,0,0,0,0,0,0,0,0,0,0,0,0,0,0,0,0,0,0,0,0,,,,
Hamilton,40, 43.286924, -79.906067 ,Semi-natural remnant,09/23/2015,2015,0,0,0,0,0,0,0,0,0,15,0,15,0,0,0,0,0,0,0,0,0,0,0,0,0,0,0,0,0,0,0,0,0,0,0,0,0,0,0,0,0,0,0,0,0,0,0,0,0,0,0,0,0,0,,,,
Central Wellington,41,43.782119, -80.282315,Agriculture,07/17/2015,2015,0,4,2,6,0,2,0,2,0,0,0,0,0,0,0,0,0,1,0,1,0,1,0,1,0,0,0,0,0,1,0,1,0,0,0,0,0,1,0,1,0,0,0,0,0,0,0,0,0,0,0,0,0,0,,,,
Central Wellington,41, 43.782119 ,-80.282315,Agriculture,10/01/2015,2015,0,0,0,0,0,0,0,0,0,1,0,1,0,0,0,0,0,0,0,0,0,0,0,0,0,0,0,0,0,0,0,0,0,0,0,0,0,0,0,0,0,0,0,0,0,0,0,0,0,0,0,0,0,0,,,,
West Lincoln,42,43.096533,-79.537255,Agriculture,07/16/2015,2015,0,2,0,2,0,3,0,3,0,8,0,8,0,3,0,3,0,0,0,0,0,1,0,1,0,0,0,0,0,1,0,1,0,0,0,0,0,0,0,0,0,0,0,0,0,0,0,0,0,0,0,0,0,0,,,,
West Lincoln,42, 43.096533 , -79.537255,Agriculture,09/18/2015,2015,0,0,0,0,0,0,0,0,0,12,0,12,0,1,0,1,0,0,0,0,0,0,0,0,0,0,0,0,0,0,0,0,0,0,0,0,0,0,0,0,0,0,0,0,0,0,0,0,0,0,0,0,0,0,,,,
Malahide,43,42.85958,-80.98357,Agriculture,06/25/2015,2015,1,2,0,3,0,0,0,0,6,0,0,6,0,0,0,0,0,0,0,0,0,1,0,1,0,0,0,0,1,0,0,1,0,0,0,0,0,0,0,0,0,0,0,0,0,0,0,0,0,0,0,0,0,0,"Queen Anne's lace, thistle, teasel, goldenrod, cow vetch, chicory, red clover, sow thistle, yarrow, white sweet clover","Queen Anne's lace, thistle, teasel, goldenrod, cow vetch, chicory, red clover, sow thistle, yarrow, white sweet clover",,
Malahide,43,42.85958,-80.98357,Agriculture,08/17/2015,2015,0,0,1,1,0,0,0,0,0,0,0,0,0,0,0,0,0,0,0,0,0,0,0,0,0,0,0,0,0,9,7,16,0,0,0,0,0,0,0,0,0,7,7,0,0,0,0,0,0,0,0,0,0,0,"red clover,  cow vetch, crown vetch","red clover, cow vetch",,
Woolwich,44,43.509816,-80.483603,Semi-natural remnant,08/21/2015,2015,0,0,0,0,0,0,0,0,0,17,0,17,0,0,0,0,0,0,0,0,0,0,0,0,0,0,0,0,0,0,0,0,0,0,0,0,0,0,0,0,0,0,0,0,0,0,0,0,0,0,0,0,0,0,,,,
Woolwich,44,43.509816, -80.483603 ,Semi-natural remnant,10/01/2015,2015,0,0,0,0,0,0,0,0,0,20,0,20,0,0,0,0,0,0,0,0,0,0,0,0,0,0,0,0,0,0,0,0,0,0,0,0,0,0,0,0,0,0,0,0,0,0,0,0,0,0,0,0,0,0,,,,
London,45,42.88065,-81.2609,Agriculture,06/22/2015,2015,0,1,0,1,1,2,0,3,0,1,0,1,0,0,0,0,0,0,0,0,0,0,0,0,0,0,0,0,0,1,0,1,0,0,0,0,0,0,0,0,0,0,0,0,0,0,0,0,0,0,0,0,0,0,"red clover, Queen Anne's lace, spotted knapweed, chicory, sweet white clover, dandelion, birdsfoot trefoil, milkweed, alfalfa, daisy fleabane","red clover, birdsfoot trefoil ",,
London,45,42.88065,-81.2609,Agriculture,07/27/2015,2015,1,3,1,5,0,5,1,6,0,7,0,7,0,0,0,0,0,0,0,0,0,0,0,0,0,0,0,0,0,5,0,5,0,0,0,0,0,0,0,0,0,0,0,0,0,0,0,0,0,0,0,0,0,0,"red clover, Queen Anne's lace, spotted knapweed, chicory, sweet white clover, dandelion, birdsfoot trefoil, milkweed, alfalfa, daisy fleabane","red clover, birdsfoot trefoil, knapweed",,
Hamilton,46,43.26718, -80.01329,Agriculture,07/10/2015,2015,0,9,1,10,0,0,0,0,0,0,0,0,0,0,0,0,0,0,0,0,0,0,0,0,0,0,0,0,0,1,0,1,0,0,0,0,0,0,0,0,0,0,0,0,0,0,0,0,0,0,0,0,0,0,,,,
Hamilton,46,43.26718,-80.01329,Agriculture,09/23/2015,2015,0,0,0,0,0,0,0,0,0,17,0,17,0,0,0,0,0,0,0,0,0,0,0,0,0,0,0,0,0,0,0,0,0,0,0,0,0,0,0,0,0,0,0,0,0,0,0,0,0,0,0,0,0,0,,,,
Middlesex,1,43.107263,-81.285448,Agricultural,06/09/2016,2016,0,1,0,1,5,0,0,5,7,0,0,7,0,0,0,0,0,0,0,0,0,0,0,0,0,0,0,0,0,0,0,0,0,0,0,0,0,0,0,0,0,0,0,0,0,0,0,0,0,0,0,0,0,0,"wild iris, dames rocket, daisy fleabane, cow vetch, birdsfoot trefoil",dames rocket,,
Middlesex,1,43.107263,-81.285448,Agricultural,08/17/2016,2016,0,1,1,2,0,1,0,1,0,20,2,22,0,0,0,0,0,0,0,0,0,0,0,0,0,0,0,0,0,2,0,2,0,0,0,0,0,0,0,0,0,0,0,0,0,0,0,0,0,0,0,0,0,0,"teasel, goldenrod, thistle","teasel, thistle",,
Elgin,4,42.87079,-81.11372,Agricultural,06/24/2016,2016,0,11,0,11,0,0,0,0,8,0,0,8,0,0,0,0,0,0,0,0,0,0,0,0,0,0,0,0,0,0,0,0,0,0,0,0,0,0,0,0,0,0,0,0,0,0,0,0,0,0,0,0,0,0,"clover, birdsfoot trefoil, thistle, alfalfa, white clover, daisy, daisy fleabane",red clover,,
Elgin,4,42.87079,-81.11372,Agricultural,08/08/2016,2016,0,1,0,1,0,0,0,0,0,0,0,0,0,0,0,0,0,0,0,0,0,2,0,2,0,0,0,0,0,0,0,0,0,0,0,0,0,0,0,0,0,0,0,0,0,0,0,0,0,0,0,0,0,0,"clover, birdsfoot trefoil, knapweed, chicory, Queen Anne's lace, thistle, white clover, goldenrod","red clover, knapweed",,
Middlesex,5,42.64343,-81.7068,Semi-natural remnant,06/23/2016,2016,0,0,0,0,0,0,0,0,0,0,0,0,0,0,0,0,0,0,0,0,0,0,0,0,0,0,0,0,0,0,0,0,0,0,0,0,0,0,0,0,0,0,0,0,0,0,0,0,0,0,0,0,0,0,,,,
Middlesex,5,42.64343,-81.7068,Semi-natural remnant,07/21/2016,2016,0,0,0,0,0,0,0,0,0,0,1,1,0,0,0,0,0,0,0,0,0,0,0,0,0,0,0,0,0,0,0,0,0,0,0,0,0,0,0,0,0,0,0,0,0,0,0,0,0,0,0,0,0,0,"mint leaf bee balm, daisy fleabane, hoary vervain, Jerusalem artichoke, clover, birdsfoot trefoil",hoary vervain,,
Oxford,7,43.13449,-80.77839,Semi-natural remnant,06/14/2016,2016,0,5,0,5,0,2,0,2,1,0,0,1,0,0,0,0,0,0,0,0,2,11,0,13,0,0,0,0,0,0,0,0,0,0,0,0,0,0,0,0,1,0,1,0,0,0,0,0,0,0,0,0,0,0,"cow vetch, crown vetch, common daisy, daisy fleabane, sow thistle, dames rocket, bindweed, clover",birdsfoot trefoil,,
Oxford,7,43.13269,-80.78039,Semi-natural remnant,07/18/2016,2016,0,25,2,27,0,3,0,3,0,56,0,56,0,0,0,0,0,0,0,0,0,0,1,1,0,0,0,0,0,1,0,1,0,0,0,0,0,1,0,1,0,0,0,0,0,0,0,0,0,1,1,0,0,0,"mint leaf bee balm, Queen Anne's lace, clover, crown vetch, daisy, daisy fleabane, black eyed susan, birdsfoot trefoil, cow vetch","mint leaf bee balm, crown vetch",,
Middlesex,9,42.823584,-81.149007,Semi-natural remnant,06/24/2016,2016,1,9,0,10,5,1,0,6,8,0,0,8,0,0,0,0,0,0,0,0,0,0,0,0,0,0,0,0,0,0,0,0,0,0,0,0,0,0,0,0,1,0,1,0,0,0,0,0,0,0,0,0,0,0,"red clover, crown vetch, cow vetch, daisy, daisy fleabane, white clover",red clover,,
Middlesex,9,42.823584,-81.149007,Semi-natural remnant,08/18/2016,2016,0,0,0,0,0,0,0,0,0,9,0,9,0,0,0,0,0,0,0,0,0,3,0,3,1,0,0,1,0,3,0,3,0,0,0,0,0,0,0,0,0,1,1,0,0,0,0,0,0,0,0,0,0,0,"red clover, knapweed, New England aster, Queen Anne's lace, crown vetch, cow vetch, joe pye weed, goldenrod, daisy fleabane, white clover, teasel","red clover, crown vetch, joe pye weed",,
Perth,10,43.254845,-81.027842,Semi-natural remnant,07/04/2016,2016,0,1,0,1,1,18,0,19,3,0,0,3,0,0,0,0,0,0,0,0,0,0,0,0,0,0,0,0,0,0,0,0,0,0,0,0,0,0,0,0,0,0,0,0,0,0,0,0,0,0,0,0,0,0,"milkweed, thistle, clover, daisy, daisy fleabane, black eyed susan, Jerusalem artichoke","milkweed, thistle",,
Perth,10,43.254845,-81.027842,Semi-natural remnant,07/26/2016,2016,0,0,0,0,0,1,0,1,0,4,0,4,0,0,0,0,0,0,0,0,0,3,0,3,0,0,0,0,0,1,0,1,0,0,0,0,0,1,0,1,0,0,0,0,0,0,0,0,0,0,0,0,0,0,"thistle, daisy fleabane, burdock, yarrow, boneset, Queen Anne's lace, hoary vervain",,,
Elgin,11,42.63372,-81.49124,Agricultural,06/23/2016,2016,0,6,0,6,1,0,0,1,4,0,0,4,0,0,0,0,0,0,0,0,0,0,0,0,0,0,0,0,0,0,0,0,0,0,0,0,0,0,0,0,0,0,0,0,0,0,0,0,0,0,0,0,0,0,"crown vetch, thistle, clover, white clover, daisy fleabane","crown vetch, clover",,
Middlesex,12,43.046466,-81.182098,Semi-natural remnant,06/27/2016,2016,0,9,0,9,3,22,0,25,0,2,0,2,0,0,0,0,0,0,0,0,0,2,0,2,0,0,0,0,0,0,0,0,0,0,0,0,0,0,0,0,0,0,0,0,0,0,0,0,0,0,0,0,0,0,"crown vetch, milkweed, boneset, hairy puccoon",,,
Middlesex,12,43.046466,-81.182098,Semi-natural remnant,08/18/2016,2016,0,0,0,0,0,0,0,0,0,24,0,24,0,0,0,0,0,0,0,0,0,0,0,0,0,0,0,0,0,1,0,1,0,0,0,0,0,0,0,0,0,0,0,0,0,0,0,0,0,0,0,0,0,0,"crown vetch, Queen Anne's lace, goldenrod, daisy fleabane, viper's bugloss, St. John's wort",crown vetch,,
Niagara,13,43.216872,-79.629414,Semi-natural remnant,07/06/2016,2016,0,4,0,4,0,0,0,0,0,0,0,0,0,0,0,0,0,0,0,0,0,0,0,0,0,0,0,0,0,2,0,2,0,0,0,0,0,0,0,0,1,0,1,0,0,0,0,0,0,0,0,0,0,0,,,,
Niagara,13,43.216872,-79.629414,Semi-natural remnant,08/17/2016,2016,0,0,0,0,0,0,0,0,0,3,0,3,0,0,0,0,0,0,0,0,0,0,0,0,0,0,0,0,0,0,0,0,0,0,0,0,0,0,0,0,0,0,0,0,0,0,0,0,0,0,0,0,0,0,,,,
Middlesex,14,42.70056,-81.66357,Agricultural,06/23/2016,2016,0,6,0,6,3,7,0,10,0,0,0,0,0,0,0,0,0,0,0,0,0,0,0,0,0,0,0,0,0,0,0,0,0,0,0,0,0,0,0,0,0,0,0,0,0,0,0,0,0,0,0,0,0,0,"crown vetch, thistle, birdsfoot trefoil",crown vetch,,
Middlesex,14,42.70056,-81.66357,Agricultural,07/21/2016,2016,0,8,0,8,0,8,0,8,0,4,0,4,0,0,0,0,0,0,0,0,0,0,0,0,0,0,0,0,0,1,0,1,0,0,0,0,0,0,0,0,0,0,0,0,0,0,0,0,0,0,0,0,0,0,"crown vetch, thistle, sow thistle",crown vetch,,
Perth,15,43.42461,-81.41257,Agricultural,07/12/2016,2016,1,0,1,2,2,1,0,3,0,0,0,0,0,0,0,0,0,12,0,12,1,0,0,1,0,0,0,0,0,0,0,0,0,0,0,0,0,0,0,0,0,0,0,0,0,0,0,0,0,0,0,0,0,0,"milkweed, birdsfoot trefoil, yarrow, thistle, daisy, daisy fleabane, clover, cow vetch, Queen Anne's lace",birdsfoot trefoil,,
Perth,15,43.42461,-81.41257,Agricultural,08/03/2016,2016,0,1,0,1,0,2,0,2,0,1,0,1,0,1,0,1,0,1,1,2,0,3,0,3,0,0,0,0,0,10,0,10,0,0,0,0,0,0,0,0,0,0,0,0,0,0,0,0,0,0,0,0,0,0,"clover, knapweed, cow vetch, Queen Anne's lace","clover, knapweed, cow vetch",,
Essex,16,42.04156,-82.51369,Semi-natural remnant,07/05/2016,2016,0,0,0,0,0,28,0,28,0,1,0,1,0,1,0,1,0,0,0,0,0,0,0,0,0,0,0,0,0,0,0,0,0,0,0,0,0,0,0,0,0,0,0,0,0,0,0,0,0,0,0,0,0,0,"birdsfoot trefoil, clover, thistle, white clover, milkweed",birdsfoot trefoil,,
Essex,16,42.04156,-82.51369,Semi-natural remnant,08/04/2016,2016,0,0,0,0,0,10,0,10,0,8,0,8,0,2,0,2,0,0,0,0,0,2,0,2,0,1,0,1,0,0,0,0,0,0,0,0,0,0,0,0,0,0,0,0,0,0,0,0,0,0,0,0,0,0,"birdsfoot trefoil, Queen Anne's lace, clover, daisy fleabane, thistle, goldenrod","birdsfoot trefoil, Queen Anne's lace, clover",,
Oxford,17,43.18536,-80.7074,Agricultural,06/14/2016,2016,1,0,0,1,2,2,0,4,5,0,0,5,0,0,0,0,0,0,0,0,1,8,0,9,0,0,0,0,0,0,0,0,0,0,0,0,0,0,0,0,1,0,1,0,0,0,0,0,0,0,0,0,0,0,"cow vetch, clover, crown vetch, common daisy, daisy fleabane",cow vetch,,
Oxford,17,43.18536,-80.7074,Agricultural,07/18/2016,2016,0,16,2,18,0,0,0,0,1,7,0,8,0,0,0,0,0,0,0,0,0,2,1,3,0,0,0,0,0,0,0,0,0,0,0,0,0,0,0,0,0,0,0,0,0,0,0,0,0,0,0,0,0,0,"mint leaf bee balm, black eyed susan, daisy fleabane, Queen Anne's lace, cow vetch, clover",mint leaf bee balm ,,
Elgin,18,42.604745,-81.440565,Agricultural,07/21/2016,2016,0,11,13,24,1,0,0,1,0,0,0,0,0,0,0,0,0,0,0,0,0,0,0,0,0,0,0,0,0,1,0,1,0,0,0,0,0,0,0,0,0,0,0,0,0,0,0,0,0,0,0,0,0,0,"mint leaf bee balm, sow thistle",mint leaf bee balm,,
Middlesex,19,42.956126,-81.435137,Semi-natural remnant,07/11/2016,2016,0,14,0,14,0,10,0,10,1,4,0,5,0,0,0,0,0,0,0,0,0,6,0,6,0,0,0,0,0,1,0,1,0,0,0,0,0,0,0,0,0,0,0,0,0,0,0,0,0,0,0,0,0,0,"crown vetch, teasel, knapweed, birdsfoot trefoil, daisy, daisy fleabane, viper's bugloss, Queen Anne's lace","crown vetch, teasel",,
Middlesex,20,42.9127,-80.95134,Semi-natural remnant,06/27/2016,2016,0,1,0,1,3,12,0,15,4,0,0,4,0,0,0,0,0,0,0,0,0,0,0,0,0,0,0,0,0,0,0,0,0,0,0,0,0,0,0,0,0,0,0,0,0,0,0,0,0,0,0,0,0,0,"milkweed, clover, daisy, thistle, daisy fleabane, St. John's wort, birdsfoot trefoil","milkweed, clover",,
Middlesex,20,42.9127,-80.95134,Semi-natural remnant,08/08/2016,2016,0,0,0,0,0,0,1,1,0,2,0,2,0,0,0,0,0,0,0,0,0,0,0,0,0,0,0,0,0,2,0,2,0,0,0,0,0,0,0,0,0,0,0,0,0,0,0,0,0,0,0,0,0,0,"clover, teasel, Queen Anne's lace, daisy fleabane, birdsfoot trefoil, goldenrod","clover, teasel",,
Essex,21,42.0508,-82.57956,Agricultural,07/05/2016,2016,1,5,0,6,0,15,0,15,0,11,2,13,0,0,0,0,0,0,0,0,0,0,0,0,0,0,0,0,0,0,0,0,0,0,0,0,0,0,0,0,0,0,0,0,0,0,0,0,0,0,0,0,0,0,"crown vetch, clover, Queen Anne's lace, yellow sweet clover, white clover, chicory","crown vetch, clover",,
Essex,21,42.0508,-82.57956,Agricultural,08/04/2016,2016,0,1,0,1,0,6,0,6,0,11,18,29,0,0,0,0,0,0,0,0,0,0,0,0,0,0,0,0,0,0,0,0,0,0,0,0,0,0,0,0,0,0,0,0,0,0,0,0,0,0,0,0,0,0,"crown vetch, sow thistle, Queen Anne's lace, daisy fleabane","crown vetch, sow thistle, Queen Anne's lace",,
Middlesex,22,43.198093,-81.428154,Semi-natural remnant,07/12/2016,2016,0,0,0,0,0,1,0,1,0,0,0,0,0,1,0,1,0,0,0,0,0,0,0,0,0,0,0,0,0,0,0,0,0,0,0,0,0,0,0,0,0,0,0,0,0,0,0,0,0,0,0,0,0,0,"milkweed, birdsfoot trefoil, yarrow, thistle, daisy, daisy fleabane, clover, cow vetch, Queen Anne's lace",birdsfoot trefoil,,
Middlesex,22,43.198093,-81.428154,Semi-natural remnant,08/17/2016,2016,0,0,0,0,0,0,0,0,0,3,0,3,0,0,0,0,0,0,0,0,1,0,0,1,0,0,0,0,0,0,0,0,0,0,0,0,0,0,0,0,0,0,0,0,0,0,0,0,0,0,0,0,0,0,"cow vetch, teasel, chicory, birdsfoot trefoil, Queen Anne's lace, bindweed, white sweet clover, daisy fleabane, goldenrod",birdsfoot trefoil,,
Middlesex,23,43.74675,-81.63142,Agricultural,08/03/2016,2016,0,0,0,0,0,0,0,0,0,8,0,8,0,1,0,1,0,2,0,2,0,2,0,2,0,0,0,0,0,2,0,2,0,0,0,0,0,0,0,0,0,0,0,0,0,0,0,0,0,0,0,0,0,0,"knapweed, clover, chicory, birdsfoot trefoil, Queen Anne's lace, goldenrod","chicory, knapweed, birdsfoot trefoil, clover",,
Huron,24,43.81361,-81.66938,Semi-natural remnant,06/22/2016,2016,0,11,0,11,1,2,0,3,2,1,0,3,0,0,0,0,0,0,0,0,1,1,0,2,0,0,0,0,0,0,0,0,0,0,0,0,0,0,0,0,0,0,0,0,0,0,0,0,0,0,0,0,0,0,"crown vetch, dames rocket, clover",,,
Huron,24,43.81361,-81.66938,Semi-natural remnant,08/03/2016,2016,0,0,0,0,0,1,0,1,0,1,0,1,0,0,0,0,0,0,0,0,0,0,0,0,0,0,0,0,0,0,0,0,0,0,0,0,0,0,0,0,0,0,0,0,0,0,0,0,0,0,0,0,0,0,,,,
Bruce,25,44.06905,-81.62615,Agricultural,06/21/2016,2016,0,0,0,0,0,1,0,1,1,0,0,1,0,0,0,0,1,0,0,1,0,6,0,6,0,0,0,0,0,0,0,0,0,0,0,0,0,0,0,0,0,0,0,0,0,0,0,0,0,0,0,0,0,0,"cow vetch, birdsfoot trefoil, daisy, bindweed, milkweed",cow vetch,,
Bruce,25,44.06905,-81.62615,Agricultural,08/02/2016,2016,0,0,0,0,0,0,0,0,0,0,0,0,0,0,0,0,0,0,0,0,0,0,0,0,0,0,0,0,0,0,0,0,0,0,0,0,0,0,0,0,0,0,0,0,0,0,0,0,0,0,0,0,0,0,,,,
Wellington,26,43.92502,-80.62118,Agricultural,06/13/2016,2016,0,0,0,0,0,0,0,0,2,0,0,2,0,0,0,0,0,0,0,0,0,0,0,0,0,0,0,0,0,0,0,0,0,0,0,0,0,0,0,0,0,0,0,0,0,0,0,0,0,0,0,0,0,0,"birdsfoot trefoil, clover, dames rocket, buttercup, lupine",,,
Wellington,26,43.92502,-80.62118,Agricultural,08/23/2016,2016,0,0,0,0,0,2,0,2,0,2,0,2,0,0,0,0,0,0,0,0,0,0,0,0,0,0,0,0,0,0,0,0,0,0,0,0,0,0,0,0,0,0,0,0,0,0,0,0,0,0,0,0,0,0,"goldenrod, chicory, alfalfa, birdsfoot trefoil, aster, sow thistle",,,
Hamilton,27,43.32791,-80.002437,Semi-natural remnant,08/11/2016,2016,0,1,0,1,0,0,0,0,1,14,0,15,0,0,0,0,0,0,0,0,0,0,0,0,1,0,0,1,0,0,0,0,0,0,0,0,0,0,0,0,0,0,0,0,0,0,0,0,0,0,0,0,0,0,,,,
Hamilton,27,43.32791,-80.002437,Agricultural,07/06/2016,2016,0,4,0,4,0,0,0,0,1,2,0,3,0,0,0,0,0,0,0,0,0,1,0,1,0,0,0,0,0,1,0,1,0,0,0,0,0,0,0,0,0,0,0,0,0,0,0,0,0,0,0,0,0,0,,,,
Essex,29,42.257103,-83.048928,Semi-natural remnant,06/17/2016,2016,0,11,0,11,0,8,0,8,0,4,0,4,0,0,0,0,0,0,0,0,0,0,0,0,0,0,0,0,0,0,0,0,0,0,0,0,0,0,0,0,0,0,0,0,0,0,0,0,0,0,0,0,0,0,"crown vetch, birdsfoot trefoil, daisy fleabane",crown vetch,,
Essex,29,42.257103,-83.048928,Semi-natural remnant,07/28/2016,2016,0,0,0,0,0,4,0,4,0,8,0,8,0,0,0,0,0,0,0,0,0,0,0,0,0,0,0,0,0,0,0,0,0,0,0,0,0,0,0,0,0,0,0,0,0,0,0,0,0,0,0,0,0,0,"crown vetch, birdsfoot trefoil, Queen Anne's lace",crown vetch,,
Essex,30,42.26195,-83.07854,Semi-natural remnant,06/17/2016,2016,0,0,0,0,0,0,0,0,0,0,0,0,0,0,0,0,0,0,0,0,0,0,0,0,0,0,0,0,0,0,0,0,0,0,0,0,0,0,0,0,1,0,1,0,0,0,0,0,0,0,0,0,0,0,no flowers in bloom,,,
Essex,30,42.26195,-83.07854,Semi-natural remnant,07/28/2016,2016,0,0,0,0,0,0,4,4,1,5,7,13,0,0,0,0,0,0,0,0,0,0,0,0,0,0,0,0,0,0,0,0,0,0,0,0,0,0,0,0,0,1,1,0,0,0,0,0,0,0,0,0,0,0,"lupine, goldenrod, daisy fleabane, boneset, Queen Anne's lace, mint leaf bee balm",,,
Wellington,31,43.5942,-81.34306,Agricultural,06/10/2016,2016,0,1,0,1,0,0,0,0,3,0,0,3,0,0,0,0,0,0,0,0,0,0,0,0,0,0,0,0,1,0,0,1,0,0,0,0,0,0,0,0,0,0,0,0,0,0,0,0,0,0,0,0,0,0,"hawkweed, red clover, buttercup, birdsfoot trefoil, yellow avens, wild lupine, dames rocket",,,
Wellington,31,43.5942,-81.34306,Agricultural,07/19/2016,2016,0,3,0,3,0,1,0,1,0,5,0,5,0,0,0,0,0,1,0,1,0,0,0,0,0,0,0,0,0,1,0,1,0,0,0,0,0,0,0,0,0,0,0,0,0,0,0,0,0,0,0,0,0,0,"Queen Anne's lace, black-eyed susan, wild mint, milkweed, mullein, ragweed",,,
Middlesex,32,43.17256,-81.73283,Agricultural,07/11/2016,2016,0,0,0,0,2,3,0,5,1,0,0,1,0,0,0,0,0,0,0,0,0,0,0,0,0,0,0,0,0,0,0,0,0,0,0,0,0,0,0,0,0,0,0,0,0,0,0,0,0,0,0,0,0,0,"milkweed, clover, cow vetch, Queen Anne's lace",milkweed ,,
Middlesex,32,43.16803,-81.68593,Agricultural,08/17/2016,2016,0,1,0,1,1,4,0,5,0,3,0,3,0,0,0,0,0,0,0,0,0,3,1,4,0,0,0,0,0,0,0,0,0,0,0,0,0,0,0,0,0,0,0,0,0,0,0,0,0,0,0,0,0,0,"clover, spotted knapweed, Queen Anne's lace, birdsfoot trefoil, chicory, cow vetch, alfalfa, teasel",,,
Niagara,33, 43.096044,-79.397262,Semi-natural remnant,07/21/2016,2016,0,1,0,1,0,0,0,0,0,0,0,0,0,0,0,0,1,1,0,2,0,1,0,1,0,0,0,0,0,1,0,1,0,0,0,0,0,0,0,0,0,0,0,0,0,0,0,0,0,0,0,0,0,0,,,,
Niagara,33, 43.096044,-79.397262,Semi-natural remnant,08/17/2016,2016,0,0,0,0,0,0,0,0,0,2,0,2,0,0,0,0,0,0,0,0,0,0,0,0,0,0,0,0,0,0,0,0,0,0,0,0,0,0,0,0,0,0,0,0,0,0,0,0,0,0,0,0,0,0,,,,
Chatham-Kent,39,42.31404,-81.85121,Semi-natural remnant,07/06/2016,2016,0,0,0,0,8,24,1,33,0,0,0,0,0,0,0,0,0,0,0,0,0,0,0,0,0,0,0,0,0,0,0,0,0,0,0,0,0,0,0,0,0,0,0,0,0,0,0,0,0,0,0,0,0,0,"milkweed, clover, daisy, fleabane, swamp rose",milkweed,,
Chatham-Kent,39,42.31404,-81.85121,Semi-natural remnant,08/09/2016,2016,0,0,1,1,0,0,0,0,0,7,6,13,0,0,0,0,0,0,0,0,0,0,0,0,0,0,0,0,0,0,0,0,0,0,0,0,0,0,0,0,0,1,1,0,0,0,0,0,0,0,0,0,0,0,"purple loosestrife, Queen Anne's lace, yarrow, boneset, daisy fleabane, bindweed, clover, chicory, goldenrod, swamp rose, sow thistle",,,
Wellington,41,43.78211,-80.28231,Agricultural,06/13/2016,2016,0,0,0,0,0,0,0,0,0,0,0,0,0,0,0,0,0,0,0,0,0,0,0,0,0,0,0,0,0,0,0,0,0,0,0,0,0,0,0,0,0,0,0,0,0,0,0,0,0,0,0,0,0,0,"birdsfoot trefoil, dandelion, daisy, clover, lupine, dames rocket",,,
Wellington,41,43.78211,-80.28231,Agricultural,06/19/2016,2016,0,0,0,0,0,0,0,0,0,0,0,0,0,0,0,0,0,0,0,0,0,0,0,0,0,0,0,0,0,0,0,0,0,0,0,0,0,0,0,0,0,0,0,0,0,0,0,0,0,0,0,0,0,0,"tiger lily, Queen Anne's last, birdsfoot trefoil, milkweed, buttercup, sow thistle, daisy, lupine",,,
Niagara,42,43.096533,-79.537255,Agricultural,07/21/2016,2016,0,1,1,2,0,0,0,0,0,0,0,0,0,0,0,0,0,0,0,0,0,0,0,0,0,0,0,0,0,2,0,2,0,0,0,0,0,0,0,0,0,0,0,0,0,0,0,0,0,0,0,0,0,0,,,,
Niagara,42,43.096533,-79.537255,Agricultural,08/17/2016,2016,0,0,0,0,0,0,0,0,0,2,0,2,0,0,0,0,0,0,0,0,0,3,0,3,0,0,0,0,0,1,0,1,0,0,0,0,0,0,0,0,0,0,0,0,0,0,0,0,0,0,0,0,0,0,,,,
Elgin,43,42.85958,-80.98357,Agricultural,08/08/2016,2016,0,2,1,3,0,1,0,1,0,8,0,8,0,0,0,0,0,0,0,0,0,0,0,0,0,0,0,0,0,6,0,6,0,0,0,0,0,0,0,0,0,0,0,0,0,0,0,0,0,0,0,0,0,0,"chicory, clover, cow vetch, birdsfoot trefoil, sow thistle, Queen's Anne lace",,,
Waterloo,44,43.30981,-80.4836,Semi-natural remnant,06/10/2016,2016,0,1,0,1,0,0,0,0,5,0,0,5,0,0,0,0,0,0,0,0,0,0,0,0,0,0,0,0,0,0,0,0,0,0,0,0,0,0,0,0,0,0,0,0,0,0,0,0,0,0,0,0,0,0,,,,
Hamilton,46,43.267291,-80.013215,Agricultural,07/06/2016,2016,0,13,1,14,0,1,0,1,1,1,0,2,0,0,0,0,0,0,0,0,0,0,0,0,0,0,0,0,0,1,0,1,0,0,0,0,0,0,0,0,0,0,0,0,0,0,0,0,0,0,0,0,0,0,,,,
Hamilton,46,43.267291,-80.013215,Agricultural,08/11/2016,2016,0,0,0,0,0,0,0,0,0,14,0,14,0,0,0,0,0,0,0,0,0,1,0,1,0,0,0,0,0,0,0,0,0,0,0,0,0,0,0,0,0,0,0,0,0,0,0,0,0,0,0,0,0,0,,,,
Halton,47,43.289927,-79.876125,Semi-natural remnant,07/05/2016,2016,2,11,0,13,0,0,0,0,0,2,0,2,0,0,0,0,0,0,0,0,0,0,0,0,0,0,0,0,0,0,0,0,0,0,0,0,0,0,0,0,0,0,0,0,0,0,0,0,0,0,0,0,0,0,,,,
Halton,47,43.289927,-79.876125,Semi-natural remnant,08/11/2016,2016,0,1,0,1,0,0,2,2,0,19,0,19,0,1,0,1,0,0,0,0,0,0,0,0,0,0,0,0,0,0,0,0,0,0,0,0,0,0,0,0,0,0,0,0,0,0,0,0,0,0,0,0,0,0,,,,
Bruce,48,44.18996,-81.60375,Semi-natural remnant,06/21/2016,2016,1,5,0,6,0,0,0,0,2,0,0,2,0,0,0,0,0,0,0,0,3,0,0,3,0,0,0,0,0,0,0,0,0,0,0,0,0,0,0,0,1,0,1,0,0,0,0,0,0,0,0,0,0,0,,,,
Bruce,48,44.18996,-81.60375,Semi-natural remnant,08/02/2016,2016,0,0,0,0,0,0,0,0,0,0,0,0,0,0,0,0,0,0,0,0,0,0,0,0,0,0,0,0,0,0,0,0,0,0,0,0,0,0,0,0,0,0,0,0,0,0,0,0,0,0,0,0,0,0,,,,
Elgin,49,42.85893,-80.99609,Agricultural,07/04/2016,2016,0,10,0,10,0,10,0,10,1,0,0,1,0,0,0,0,0,0,0,0,0,0,0,0,0,0,0,0,0,0,0,0,0,0,0,0,0,0,0,0,0,0,0,0,0,0,0,0,0,0,0,0,0,0,,,,
Huron,50,43.74675,-81.63142,Agricultural,06/22/2016,2016,0,5,0,5,3,1,0,4,14,0,0,14,0,0,0,0,0,0,0,0,0,0,0,0,0,0,0,0,3,0,0,3,0,0,0,0,0,0,0,0,0,0,0,0,0,0,0,0,0,0,0,0,0,0,,,,
Chatham-Kent,51,42.38841,-81.8371,Agricultural,07/13/2016,2016,0,5,0,5,0,4,0,4,0,0,0,0,0,1,0,1,0,0,0,0,0,0,0,0,1,1,0,2,0,5,0,5,0,0,0,0,0,0,0,0,0,0,0,0,0,0,0,0,0,0,0,0,0,0,,,,
Lambton,52,42.76014,-82.15278,Agricultural,07/13/2016,2016,0,0,0,0,0,1,0,1,0,2,0,2,0,6,0,6,0,0,0,0,0,0,0,0,0,0,0,0,0,0,0,0,0,0,0,0,0,0,0,0,0,0,0,0,0,0,0,0,0,0,0,0,0,0,"birdsfoot trefoil, clover, sweet pea, Queen Anne's lace",birdsfoot trefoil,,
Lambton,53,42.78416,-82.13948,Agricultural,08/17/2016,2016,0,0,0,0,0,0,0,0,0,4,3,7,0,0,0,0,0,0,0,0,0,1,0,1,0,0,0,0,0,0,0,0,0,0,0,0,0,0,0,0,0,0,0,0,0,0,0,0,0,0,0,0,0,0,,,,
Lambton,54,43.25146,-81.82591,Semi-natural remnant,07/11/2016,2016,0,0,3,3,0,5,1,6,0,0,0,0,0,0,0,0,0,0,0,0,0,0,0,0,0,0,0,0,0,0,0,0,0,0,0,0,0,0,0,0,0,,0,0,0,0,0,0,0,0,0,0,0,0,,,,
Lambton,54,43.25146,-81.82591,Semi-natural remnant,08/19/2016,2016,0,0,0,0,0,1,4,5,0,4,0,4,0,0,0,0,0,0,0,0,0,0,0,0,0,0,0,0,0,0,0,0,0,0,0,0,0,0,0,0,0,2,2,0,0,0,0,0,0,0,0,0,0,0,,,,
Elgin,55,42.67557,-81.1697,Agricultural,06/23/2016,2016,0,14,0,14,0,3,0,3,0,1,0,1,0,0,0,0,0,0,0,0,0,0,0,0,0,0,0,0,0,0,0,0,0,0,0,0,0,0,0,0,0,0,0,0,0,0,0,0,0,0,0,0,0,0,,,,
Elgin,55,42.67557,-81.1697,Agricultural,08/08/2016,2016,0,0,0,0,0,1,0,1,0,56,0,56,0,0,0,0,0,0,0,0,0,0,0,0,0,0,0,0,0,1,0,1,0,0,0,0,0,0,0,0,0,0,0,0,0,0,0,0,0,0,0,0,0,0,,,,
Chatham-Kent,56,42.42769,-81.82982,Agricultural,08/09/2016,2016,0,0,0,0,0,0,0,0,0,2,0,2,0,0,0,0,0,0,0,0,0,0,0,0,0,0,0,0,0,0,10,10,0,0,0,0,0,0,0,0,0,14,14,0,0,0,0,0,0,0,0,0,0,0,,,,
Perth,57,43.29851,-81.16899,Agricultural,07/04/2016,2016,0,24,0,24,0,15,0,15,0,0,0,0,0,0,0,0,0,0,0,0,0,0,0,0,0,0,0,0,0,0,0,0,0,0,0,0,0,0,0,0,0,0,0,0,0,0,0,0,0,0,0,0,0,0,,,,
Perth,58,43.2393,-81.16888,Agricultural,07/26/2016,2016,0,7,0,7,0,0,0,0,0,5,0,5,0,1,0,1,0,0,0,0,0,1,0,1,0,0,0,0,0,0,0,0,0,0,0,0,0,0,0,0,0,0,0,0,0,0,0,0,0,0,0,0,0,0,,,,
Middlesex,1,43.107263,-81.285448,Agri,07/04/2017,2017,0,2,0,2,1,1,0,2,0,0,0,0,0,0,0,0,0,0,0,0,0,0,0,0,0,0,0,0,0,0,0,0,0,0,0,0,0,0,0,0,0,0,0,0,0,0,0,0,0,0,0,0,0,0,,ris caught on bird tree foot,,
Middlesex,1,43.107263,-81.285448,Agri,08/03/2017,2017,2,7,0,9,1,0,0,1,1,4,0,5,0,0,0,0,0,0,0,0,0,0,0,0,0,0,0,0,0,1,0,1,0,0,0,0,0,0,0,0,0,0,0,0,0,0,0,0,0,0,0,0,0,0,,caught on clover and teasel,,
Elgin,4,42.87079,-81.11372,Agri,06/09/2017,2017,0,8,0,8,2,0,0,2,1,0,0,1,1,0,0,1,0,0,0,0,1,0,0,1,0,0,0,0,0,0,0,0,0,0,0,0,0,0,0,0,0,0,0,0,0,0,0,0,0,0,0,0,0,0,,,,
Elgin,4,42.87079,-81.11372,Agri,07/20/2017,2017,0,5,0,5,0,0,0,0,0,1,0,1,0,0,0,0,0,0,0,0,0,0,0,0,0,0,0,0,0,2,0,2,0,0,0,0,0,0,0,0,0,0,0,0,0,0,0,0,0,0,0,0,0,0,,gris caught on cow vetch everything else caught on crown vetch,,
Middlesex,5,42.64343,-81.7068,Natural,06/21/2017,2017,0,0,0,0,0,0,0,0,0,0,0,0,0,0,0,0,0,0,0,0,0,0,0,0,0,0,0,0,0,0,0,0,0,0,0,0,0,0,0,0,0,0,0,0,0,0,0,0,0,0,0,0,0,0,,All caught on crown vetch,,
Middlesex,5,42.64343,-81.7068,Natural,07/05/2017,2017,0,0,0,0,0,0,0,0,0,0,0,0,0,0,0,0,0,0,0,0,0,0,0,0,0,0,0,0,0,0,0,0,0,0,0,0,0,0,0,0,0,0,0,0,0,0,0,0,0,0,0,0,0,0,,All caught on crown vetch,,
Oxford,7,43.13449,-80.77839,Natural,06/07/2017,2017,0,0,0,0,0,0,0,0,0,0,0,0,0,0,0,0,0,0,0,0,0,0,0,0,0,0,0,0,0,0,0,0,0,0,0,0,0,0,0,0,0,0,0,0,0,0,0,0,0,0,0,0,0,0,,Caught on dames rocket,,
Oxford,7,43.13449,-80.77839,Natural,06/26/2017,2017,0,13,0,13,1,0,0,1,0,0,0,0,0,0,0,0,0,0,0,0,2,4,0,6,0,0,0,0,0,0,0,0,0,0,0,0,0,0,0,0,0,0,0,0,0,0,0,0,0,0,0,0,0,0,,All caught on crown vetch,,
Oxford,7,43.13449,-80.77839,Natural,07/18/2017,2017,3,21,2,26,0,5,1,6,1,97,0,98,0,0,0,0,0,0,0,0,0,1,0,1,0,0,0,0,0,0,0,0,0,0,0,0,0,0,0,0,0,0,0,0,0,0,0,0,0,0,0,0,0,0,,"Teasel starting to appear, all caught on clover",,
Middlesex,9,42.823584,-81.149007,Natural,06/07/2017,2017,0,0,0,0,0,0,0,0,1,0,0,1,0,0,0,0,0,0,0,0,0,0,0,0,0,0,0,0,0,0,0,0,0,0,0,0,0,0,0,0,0,0,0,0,0,0,0,0,0,0,0,1,0,1,,Caught on tree stump,,
Middlesex,9,42.823584,-81.149007,Natural,07/19/2017,2017,0,6,1,7,0,1,0,1,0,4,0,4,0,0,0,0,0,0,0,0,0,0,0,0,0,0,0,0,1,0,0,1,0,0,0,0,0,0,0,0,0,0,0,0,0,0,0,0,0,0,0,0,0,0,,All caught on crown vetch,,
Perth,10,43.254845,-81.027842,Natural,06/16/2016,2017,0,0,0,0,0,0,0,0,0,0,0,0,0,0,0,0,0,0,0,0,0,0,0,0,0,0,0,0,0,0,0,0,0,0,0,0,0,0,0,0,0,0,0,0,0,0,0,0,0,0,0,0,0,0,,,,
Windsor,10,43.254845,-81.027842,Natural,07/04/2017,2017,0,0,0,0,1,0,0,1,1,0,0,1,0,0,0,0,0,0,0,0,0,3,0,3,0,0,0,0,0,1,0,1,0,0,0,0,0,0,0,0,0,0,0,0,0,0,0,0,0,0,0,0,0,0,,All caught on crown vetch,,
Perth,10,43.254845,-81.027842,Natural,08/01/2017,2017,0,0,0,0,0,0,0,0,0,4,0,4,0,0,0,0,0,0,0,0,0,1,0,1,0,0,0,0,0,0,0,0,0,0,0,0,0,0,0,0,0,0,0,0,0,0,0,0,0,0,0,0,0,0,,Caught on crown vetch and st john's wart,,
Elgin,11,42.63712,-81.484641,Agri,06/08/2017,2017,0,3,0,3,0,0,0,0,1,0,0,1,0,0,0,0,0,0,0,0,0,0,0,0,0,0,0,0,0,0,0,0,0,0,0,0,0,0,0,0,0,0,0,0,0,0,0,0,0,0,0,0,0,0,, Caught on clover,,
Elgin,11,42.63712,-81.484641,Agri,07/19/2017,2017,2,3,3,8,0,3,0,3,0,1,0,1,0,0,0,0,0,0,0,0,0,0,0,0,0,0,0,0,0,3,0,3,0,0,0,0,0,0,0,0,0,0,0,0,0,0,0,0,0,0,0,0,0,0,,All caught on bee balm,,
Middlesex,12,43.046466,-81.182098,Natural,06/21/2017,2017,0,5,0,5,0,1,0,1,1,2,0,3,0,0,0,0,0,0,0,0,0,0,0,0,0,0,0,0,0,0,0,0,0,0,0,0,0,0,0,0,0,0,0,0,0,0,0,0,0,0,0,0,0,0,,Mostly caught on crown vetch some caught on clover,,
Middlesex,12,43.046466,-81.182098,Natural,07/20/2017,2017,1,2,0,3,4,26,0,30,0,33,0,33,0,0,0,0,0,0,0,0,0,5,0,5,0,0,0,0,0,0,0,0,0,0,0,0,0,0,0,0,0,0,0,0,0,0,0,0,0,0,0,0,0,0,,Everything caught on clover,,
Niagara,13,43.216872,-79.629414,Natural,06/28/2017,2017,0,1,0,1,0,0,0,0,0,0,0,0,0,0,0,0,0,0,0,0,0,0,0,0,0,0,0,0,0,0,0,0,0,0,0,0,0,0,0,0,0,0,0,0,0,0,0,0,0,0,0,0,0,0,,,,
Niagara,13,43.216872,-79.629414,Natural,08/10/2017,2017,0,1,0,1,0,0,0,0,0,3,0,3,0,0,0,0,0,3,0,3,0,1,0,1,0,0,0,0,0,0,0,0,0,0,0,0,0,0,0,0,0,0,0,0,0,0,0,0,0,0,0,0,0,0,,,,
Middlesex,14,42.70056,-81.66357,Agri,07/05/2017,2017,0,18,0,18,0,18,0,18,0,5,0,5,0,0,0,0,0,0,0,0,0,0,0,0,0,0,0,0,0,0,0,0,0,0,0,0,0,0,0,0,0,0,0,0,0,0,0,0,0,0,0,0,0,0,,,,
Middlesex,14,42.70056,-81.66357,Agri,07/25/2017,2017,0,15,0,15,0,3,0,3,0,25,0,25,0,0,0,0,0,0,0,0,0,0,0,0,0,0,0,0,0,2,0,2,0,0,0,0,0,0,0,0,1,0,1,0,0,0,0,0,0,0,0,0,0,0,,Caught on sweet pea and bird tree foot,,
Perth,15,43.42461,-81.41257,Agri,07/06/2017,2017,0,0,0,0,0,0,0,0,0,0,0,0,0,0,0,0,0,0,0,0,0,0,0,0,0,0,0,0,0,0,0,0,0,0,0,0,0,0,0,0,0,0,0,0,0,0,0,0,0,0,0,0,0,0,,All caught on st john's wart,,
Perth,15,43.42461,-81.41257,Agri,08/14/2017,2017,0,0,0,0,0,0,0,0,0,0,0,0,0,0,0,0,0,0,0,0,0,0,0,0,0,0,0,0,0,0,0,0,0,0,0,0,0,0,0,0,0,0,0,0,0,0,0,0,0,0,0,0,0,0,,"Several flowers present: sow thistle, knapweed, woodland sunflower, golden rod, purple loosestrife and joe pye weed",,
Essex,16,42.04156,-82.51369,Natural,06/19/2017,2017,0,0,0,0,14,0,0,14,0,0,0,0,1,0,0,1,0,0,0,0,0,0,0,0,0,0,0,0,0,0,0,0,0,0,0,0,0,0,0,0,0,0,0,0,0,0,0,0,0,0,0,0,0,0,,,,
Essex,16,42.04156,-82.51369,Natural,08/16/2017,2017,0,0,0,0,2,1,0,3,0,5,0,5,0,13,1,14,0,0,0,0,0,0,0,0,0,0,0,0,0,0,0,0,0,0,0,0,0,0,0,0,0,0,0,0,0,0,0,0,0,0,0,0,0,0,,Caught on jewelweed,,
Oxford,17,43.18536,-80.7074,Agri,06/07/2017,2017,1,0,0,1,0,0,0,0,0,0,0,0,0,0,0,0,0,0,0,0,0,0,0,0,0,0,0,0,0,0,0,0,0,0,0,0,0,0,0,0,0,0,0,0,0,0,0,0,0,0,0,0,0,0,,,,
Oxford,17,43.18536,-80.7074,Agri,07/18/2017,2017,1,17,4,22,2,9,0,11,2,77,0,79,0,0,0,0,0,0,0,0,0,0,0,0,0,0,0,0,0,2,0,2,0,0,0,0,0,0,0,0,0,0,0,0,0,0,0,0,0,0,0,0,0,0,,All caught on bee balm,,
Elgin,18,42.604745,-81.440565,Natural,06/08/2017,2017,0,0,0,0,0,0,0,0,1,0,0,1,0,0,0,0,0,0,0,0,0,0,0,0,0,0,0,0,0,0,0,0,0,0,0,0,0,0,0,0,0,0,0,0,0,0,0,0,0,0,0,0,0,0,,Caught on clover,,
Elgin,18,42.604745,-81.440565,Natural,07/19/2017,2017,0,1,4,5,0,1,0,1,0,0,0,0,0,0,0,0,0,0,0,0,0,0,0,0,0,0,0,0,0,0,0,0,0,0,0,0,0,0,0,0,0,0,0,0,0,0,0,0,0,0,0,0,0,0,,Caught mainly on crown vetch also on cow vetch and bee balm,,
Middlesex,19,42.956126,-81.435137,Natural,06/21/2017,2017,0,28,0,28,1,4,0,5,0,7,0,7,0,0,0,0,0,0,0,0,0,0,0,0,0,0,0,0,0,0,0,0,0,0,0,0,0,0,0,0,0,0,0,0,0,0,0,0,0,0,0,0,0,0,,All caught on crown vetch,,
Middlesex,19,42.956126,-81.435137,Natural,07/25/2017,2017,0,4,0,4,1,1,0,2,0,41,0,41,0,0,0,0,0,0,0,0,0,0,0,0,0,0,0,0,0,0,0,0,0,0,0,0,0,0,0,0,0,0,0,0,0,0,0,0,0,0,0,0,0,0,,"Caught on bee balm, sage, veronica, agastache and salvia",,
Middlesex,20,42.9127,-80.95134,Natural,06/09/2017,2017,0,0,0,0,0,0,0,0,1,0,0,1,0,0,0,0,0,0,0,0,0,0,0,0,0,0,0,0,0,0,0,0,0,0,0,0,0,0,0,0,0,0,0,0,0,0,0,0,0,0,0,0,0,0,, All caught on clover ,,
Middlesex,20,42.9127,-80.95134,Natural,07/18/2017,2017,0,5,1,6,1,1,0,2,0,0,0,0,,0,0,0,0,0,0,0,0,0,0,0,0,0,0,0,0,0,0,0,0,0,0,0,0,0,0,0,0,0,0,0,0,0,0,0,0,0,0,0,0,0,,"Caught on clover, crown vetch and teasel",,
Essex,21,42.0508,-82.57956,Agri,06/19/2017,2017,0,2,0,2,0,3,0,3,0,2,0,2,0,0,0,0,0,0,0,0,0,0,0,0,0,0,0,0,0,0,0,0,0,0,0,0,0,0,0,0,0,0,0,0,0,0,0,0,0,0,0,0,0,0,,"mainly caught on crown vetch, some on thistle",,
Essex,21,42.0508,-82.57956,Agri,08/16/2017,2017,0,0,0,0,0,0,0,0,1,4,46,51,0,0,0,0,0,0,0,0,0,0,0,0,0,0,0,0,0,0,0,0,0,0,0,0,0,0,0,0,0,0,0,0,0,0,0,0,0,0,0,0,0,0,,"Caught on sowthistle, queen anne's lace and crown vetch",,
Middlesex,22,43.198093,-81.428154,Natural,06/14/2017,2017,0,0,0,0,0,0,0,0,0,0,0,0,0,0,0,0,0,0,0,0,0,0,0,0,0,0,0,0,0,0,0,0,0,0,0,0,0,0,0,0,0,0,0,0,0,0,0,0,0,0,0,0,0,0,,"caught on cow vetch, clover and bird tree foot",,
Middlesex,22,43.198093,-81.428154,Natural,07/06/2017,2017,0,1,0,1,0,0,0,0,0,0,0,0,0,0,0,0,0,0,0,0,1,0,0,1,0,0,0,0,0,0,0,0,0,0,0,0,0,0,0,0,0,0,0,0,0,0,0,0,0,0,0,0,0,0,,,,
Middlesex,22,43.198093,-81.428154,Natural,08/15/2017,2017,0,0,0,0,1,0,0,1,0,0,0,0,0,0,0,0,0,0,0,0,0,0,0,0,0,0,0,0,0,0,0,0,0,0,0,0,0,0,0,0,0,1,1,0,0,0,0,0,0,0,0,0,0,0,,"Cautht on queen anne's lace, sowthistle, crown vetch and clover",,
Middlesex,23,43.81361,-81.66938,Agri,07/21/2017,2017,0,6,0,6,0,1,0,1,0,0,0,0,0,1,0,1,0,0,0,0,0,0,0,0,0,0,0,0,0,0,0,0,0,0,0,0,0,0,0,0,0,0,0,0,0,0,0,0,0,0,0,0,0,0,,"Mint leaf bee balm covering meadow area next to trail. Caught on teasel, mint leaf bee balm and crown vetch, mainly on bee balm",,
Huron,24,43.75533,-81.69929,Natural,06/27/2017,2017,1,15,0,16,0,1,0,1,0,1,0,1,0,0,0,0,0,0,0,0,0,0,0,0,0,0,0,0,0,0,0,0,0,0,0,0,0,0,0,0,0,0,0,0,0,0,0,0,0,0,0,0,0,0,,All caught on cow vetch,,
Huron,24,43.75533,-81.69929,Natural,07/21/2017,2017,8,101,4,113,0,2,0,2,0,5,0,5,0,0,0,0,0,0,0,0,0,0,0,0,0,0,0,0,0,0,0,0,0,0,0,0,0,1,0,1,0,0,0,0,0,0,0,0,0,0,0,0,0,0,,"Slender bushclover was in bloom, majority caught on slender bush clover, remaining cuaght on bee balm and crown vetch",,
Bruce,25,44.06905,-81.62615,Agri,06/28/2017,2017,0,0,0,0,0,0,0,0,2,0,0,2,0,0,0,0,0,0,0,0,1,1,0,2,0,0,0,0,0,0,0,0,0,0,0,0,0,0,0,0,0,0,0,0,0,0,0,0,0,0,0,0,0,0,,All caught on cow vetch,,
Bruce,25,44.06905,-81.62615,Agri,08/14/2017,2017,0,0,0,0,0,0,0,0,0,0,0,0,0,0,0,0,0,0,0,0,0,0,0,0,0,0,0,0,0,0,0,0,0,0,0,0,0,0,0,0,0,0,0,0,0,0,0,0,0,0,0,0,0,0,,"Several flowers present: knapweed, cow vetch, chickory, sow thistle, queen anne's lace, clover. ",,
Wellington,26,43.925022,-80.62119,Agri,07/18/2017,2017,0,1,0,1,0,0,0,0,0,0,0,0,0,0,0,0,0,0,0,0,0,1,0,1,0,0,0,0,0,0,0,0,0,0,0,0,0,0,0,0,0,0,0,0,0,0,0,0,0,0,0,0,0,0,,Found on cow vetch,,
Wellington,26,43.925022,-80.62119,Agri,08/09/2017,2017,0,1,0,1,0,0,0,0,0,0,0,0,0,0,0,0,0,0,0,0,0,0,0,0,0,0,0,0,0,0,0,0,0,0,0,0,0,0,0,0,0,0,0,0,0,0,0,0,0,0,0,0,0,0,,"Caught mostly on teasel, bee balm, and thistle",,
Hamilton,27,43.3279,-80.0024,Natural,05/30/2017,2017,1,2,0,3,3,0,0,3,2,0,0,2,1,0,0,1,0,0,0,0,1,0,0,1,0,0,0,0,0,0,0,0,0,0,0,0,0,0,0,0,0,0,0,1,0,0,1,0,0,0,0,0,0,0,, Caught on cow vetch,,
Hamilton,27,43.32791,-80.002437,Agri,07/06/2017,2017,0,0,0,0,0,0,0,0,0,1,0,1,0,0,0,0,0,0,0,0,0,0,0,0,0,0,0,0,0,0,0,0,0,0,0,0,0,0,0,0,0,0,0,0,0,0,0,0,0,0,0,0,0,0,,"Caught on teasel, cow vetch, crown vetch and st john's wart",,
Hamilton,27,43.32791,-80.002437,Agri,07/26/2017,2017,0,1,0,1,0,0,0,0,0,16,0,16,0,0,0,0,0,0,0,0,0,0,0,0,0,0,0,0,0,0,0,0,0,0,0,0,0,0,0,0,0,0,0,0,0,0,0,0,0,0,0,0,0,0,,"Caught on hostas, black eyed susan, and echinacea",,
Lambton,28,42.77377,-82.21732,Agri,07/25/2017,2017,0,1,0,1,1,1,0,2,0,3,0,3,0,0,0,0,0,0,0,0,0,0,0,0,0,0,0,0,0,0,0,0,0,0,0,0,0,0,0,0,0,0,0,0,0,0,0,0,0,0,0,0,0,0,,"Caught on crown vetch, teasel, knapweed",,
Essex,29,42.257103,-83.048928,Natural,06/12/2017,2017,0,2,0,2,0,3,0,3,0,1,0,1,0,0,0,0,0,0,0,0,0,0,0,0,0,0,0,0,0,0,0,0,0,0,0,0,0,0,0,0,0,0,0,0,0,0,0,0,0,0,0,0,0,0,,,,
Essex,29,42.257103,-83.048928,Natural,07/24/2017,2017,0,1,0,1,2,0,27,29,0,18,1,19,0,0,0,0,0,0,0,0,0,0,0,0,0,0,0,0,0,0,0,0,0,0,0,0,0,0,0,0,0,0,0,0,0,0,0,0,0,0,0,0,0,0,,"Citrinus caught on crown vetch, remaining caught on teasel, thistle and crown vetch",,
Essex,30,42.26195,-83.07854,Natural,06/12/2017,2017,0,0,0,0,0,0,0,0,0,0,0,0,0,0,0,0,0,0,0,0,0,0,0,0,0,0,0,0,0,0,0,0,0,0,0,0,0,0,0,0,0,0,0,0,0,0,0,0,0,0,0,0,0,0,, Caught on clover and bird tree foot,,
Essex,30,42.26195,-83.07854,Natural,07/24/2017,2017,0,0,4,4,2,0,0,2,0,20,0,20,0,0,0,0,0,0,0,0,0,0,0,0,0,0,0,0,0,0,0,0,0,0,0,0,0,0,0,0,0,2,2,0,0,0,0,0,0,0,0,0,0,0,,"Males caught on woodland sunflower and black eyed susan, females caught  on boneset, chickory, crown vetch, bee balm",,
Middlesex,32,43.16803,-81.68593,Agri,06/14/2017,2017,0,11,0,11,1,7,0,8,3,0,0,3,0,0,0,0,0,0,0,0,0,0,0,0,0,0,0,0,0,0,0,0,0,0,0,0,0,0,0,0,0,0,0,0,0,0,0,0,0,0,0,0,0,0,,all bees found on columbine. All caught on columbine,,
Middlesex,32,43.16803,-81.68593,Agri,08/18/2017,2017,1,0,0,1,0,0,0,0,1,2,1,4,0,1,0,1,0,0,0,0,0,1,0,1,0,0,0,0,0,0,0,0,0,0,0,0,0,0,0,0,0,0,0,0,0,0,0,0,0,0,0,0,0,0,,Caught on knapweed and woodland sunflower,,
Niagara,33,43.096216,-79.397944,Natural,07/06/2017,2017,0,0,0,0,0,0,0,0,0,0,0,0,0,0,0,0,0,0,0,0,0,0,0,0,0,0,0,0,0,0,0,0,0,0,0,0,0,0,0,0,0,0,0,0,0,0,0,0,0,0,0,0,0,0,,,,
Niagara,33,43.096216,-79.397944,Natural,08/10/2017,2017,0,0,0,0,0,0,0,0,0,0,0,0,0,0,0,0,0,0,0,0,0,0,0,0,0,0,0,0,0,0,0,0,0,0,0,0,0,0,0,0,0,0,0,0,0,0,0,0,0,0,0,0,0,0,,"Several flowers present: knapweed, sow thistle, queen anne's lace",,
Chatham-Kent,37,Multiple near Ridgetown,,Agri,06/21/2017,2017,0,0,0,0,0,0,0,0,0,0,0,0,0,0,0,0,0,0,0,0,0,0,0,0,0,0,0,0,0,0,0,0,0,0,0,0,0,0,0,0,0,0,0,0,0,0,0,0,0,0,0,0,0,0,,,,
Chatham-Kent,37,42.40626,-81.85917,Agri,07/05/2017,2017,0,0,0,0,0,1,0,1,0,0,0,0,0,0,0,0,0,0,0,0,0,0,0,0,0,0,0,0,0,0,0,0,0,0,0,0,0,0,0,0,0,0,0,0,0,0,0,0,0,0,0,0,0,0,,Caught on milkweed and crown vetch,,
Chatham-Kent,39,42.31404,-81.85121,Natural,06/21/2017,2017,0,0,0,0,0,0,0,0,0,0,0,0,0,0,0,0,0,0,0,0,0,0,0,0,0,0,0,0,0,0,0,0,0,0,0,0,0,0,0,0,0,0,0,0,0,0,0,0,0,0,0,0,0,0,,,,
Chatham-Kent,39,42.31404,-81.85121,Natural,07/05/2017,2017,0,0,1,1,1,1,0,2,0,1,0,1,0,0,0,0,0,0,0,0,0,0,0,0,0,0,0,0,0,0,0,0,0,0,0,0,0,0,0,0,1,0,1,0,0,0,0,0,0,0,0,0,0,0,,,,
Chatham-Kent,39,42.31404,-81.85121,Natural,08/15/2017,2017,0,1,0,1,0,0,0,0,3,29,4,36,0,0,0,0,0,0,0,0,0,0,0,0,0,0,0,0,0,0,0,0,0,0,0,0,0,0,0,0,0,0,0,0,0,0,0,0,0,0,0,0,0,0,,"Several flowers present: goldenrod, sow thistle, clover, queen anne's lace, burr thistle",,
Hamilton,40,43.286924,-79.906067,Natural,07/26/2017,2017,0,2,0,2,0,4,0,4,0,8,0,8,0,0,0,0,0,0,0,0,0,0,0,0,0,0,0,0,0,0,0,0,0,0,0,0,0,0,0,0,0,0,0,0,0,0,0,0,0,0,0,0,0,0,,"Caughton Lavender, lots of honey bees",,
Wellington,41,43.782119,-80.282315,Natural,07/18/2017,2017,0,0,0,0,0,0,0,0,0,0,0,0,0,0,0,0,1,1,0,2,0,1,0,1,0,0,0,0,0,0,0,0,0,0,0,0,0,0,0,0,0,0,0,0,0,,0,0,0,0,0,0,0,0,,All caught on bee balm,,
Wellington,41,43.782119,-80.282315,Natural,08/16/2017,2017,0,0,0,0,0,0,0,0,0,7,0,7,0,0,0,0,0,2,0,2,0,0,0,0,0,0,0,0,0,0,0,0,0,0,0,0,0,0,0,0,0,0,0,0,0,0,0,0,0,0,0,0,0,0,,,,
Niagara,42,43.096664,-79.53687,Agri,07/06/2017,2017,0,0,0,0,0,0,0,0,0,0,0,0,0,0,0,0,0,0,0,0,0,0,0,0,0,0,0,0,0,0,0,0,0,0,0,0,0,0,0,0,0,0,0,0,0,0,0,0,0,0,0,0,0,0,,All bees found on lavender,,
Niagara,42,43.096664,-79.53687,Agri,08/10/2017,2017,0,0,0,0,0,0,0,0,0,1,0,1,0,0,0,0,0,0,0,0,0,0,0,0,0,0,0,0,0,0,0,0,0,0,0,0,0,0,0,0,0,0,0,0,0,0,0,0,0,0,0,0,0,0,,"Bumbles caught on purple loosetrief, teasel and thistle",,
Waterloo,44,43.50981,-80.4836,Natural,07/11/2017,2017,0,24,0,24,0,1,0,1,0,9,0,9,0,0,0,0,0,0,0,0,0,12,0,12,0,0,0,0,0,0,0,0,0,0,0,0,0,0,0,0,0,0,0,0,0,0,0,0,0,0,0,0,0,0,,Caught on st john's wart and crown vetch,,
Waterloo,44,43.50981,-80.4836,Natural,08/09/2017,2017,0,3,0,3,0,0,0,0,0,15,0,15,0,0,0,0,0,0,0,0,0,3,0,3,0,0,0,0,0,0,0,0,0,0,0,0,0,0,0,0,0,0,0,0,0,0,0,0,0,0,0,0,0,0,,,,
Hamilton,46,43.267291,-80.013215,Agri,07/06/2017,2017,0,3,0,3,0,0,0,0,0,3,0,3,0,0,0,0,0,0,0,0,0,0,0,0,0,0,0,0,0,0,0,0,0,0,0,0,0,0,0,0,0,0,0,0,0,0,0,0,0,0,0,0,0,0,,,,
Hamilton,46,43.267291,-80.013215,Agri,07/26/2017,2017,0,18,0,18,0,1,0,1,0,11,0,11,0,0,0,0,0,0,0,0,0,0,0,0,0,0,0,0,0,0,0,0,0,0,0,0,0,0,1,1,0,0,0,0,0,0,0,0,0,0,0,0,0,0,,Caught on cow vetch and bird tree foot',,
Bruce,48,44.18996,-81.60375,Natural,06/28/2017,2017,0,9,0,9,1,0,0,1,4,0,0,4,0,0,0,0,0,0,0,0,0,0,0,0,0,0,0,0,0,0,0,0,0,0,0,0,0,0,0,0,0,0,0,0,0,0,0,0,0,0,0,0,0,0,,All caught on cow vetch,,
Bruce,48,44.18996,-81.60375,Natural,07/28/2017,2017,0,1,0,1,0,0,0,0,0,4,0,4,0,0,0,0,0,1,0,1,0,0,0,0,0,0,0,0,0,0,0,0,0,0,0,0,0,0,0,0,0,0,0,0,0,0,0,0,0,0,0,0,0,0,,Caught midair or on queen anne's lace,,
Huron,50,43.74675,-81.63142,Agri,06/27/2017,2017,0,6,0,6,0,0,0,0,0,0,0,0,0,0,0,0,0,0,0,0,0,0,0,0,0,0,0,0,0,1,0,1,0,0,0,0,0,0,0,0,0,0,0,0,0,0,0,0,0,0,0,0,0,0,,All caught on crown vetch,,
Lambton,54,43.25146,-81.82591,Natural,08/18/2017,2017,0,0,0,0,1,1,6,8,0,17,0,17,0,0,0,0,0,0,0,0,0,0,0,0,0,0,0,0,0,0,2,2,0,0,0,0,0,0,0,0,0,0,0,0,0,0,0,0,0,0,0,0,0,0,,,,
Elgin,55,42.67557,-81.1697,Agri,07/19/2017,2017,0,9,0,9,0,5,0,5,0,6,0,6,0,0,0,0,0,0,0,0,0,0,0,0,0,0,0,0,0,1,0,1,0,0,0,0,0,0,0,0,0,0,0,0,0,0,0,0,0,0,0,0,0,0,,"Vagans queen and gris caught on corwn vetch, all others caught on bee balm",,
Perth,57,43.29851,-81.16899,Agri,06/16/2016,2017,0,0,0,0,0,0,0,0,0,0,0,0,0,0,0,0,0,0,0,0,0,0,0,0,0,0,0,0,0,0,0,0,0,0,0,0,0,0,0,0,0,0,0,0,0,0,0,0,0,0,0,0,0,0,,"mainly caught on crown vetch, some caught on clover",,
Perth,57,43.29851,-81.16899,Agri,07/04/2017,2017,0,46,0,46,1,8,0,9,0,1,0,1,1,0,0,1,0,0,0,0,0,0,0,0,0,0,0,0,0,1,0,1,0,0,0,0,0,0,0,0,0,0,0,0,0,0,0,0,0,0,0,0,0,0,,All caught on st john's wart,,
Perth,57,43.29851,-81.16899,Agri,08/03/2017,2017,0,0,0,0,1,2,0,3,4,12,0,16,0,0,0,0,0,0,0,0,0,0,0,0,0,0,0,0,0,0,0,0,0,0,0,0,0,0,0,0,0,0,0,0,0,0,0,0,0,0,0,0,0,0,,on teasel and st. john's wart,,
Elgin,59,42.411878,81.081566,Agri,06/08/2017,2017,0,0,0,0,1,0,0,1,0,0,0,0,0,0,0,0,0,0,0,0,0,0,0,0,0,0,0,0,0,0,0,0,0,0,0,0,0,0,0,0,0,0,0,0,0,0,0,0,0,0,0,0,0,0,,Caught on clover,,
Elgin,60,42.8624,-80.97312,Agri,06/09/2017,2017,3,13,0,16,2,1,0,3,5,0,0,5,0,0,0,0,0,0,0,0,1,0,0,1,0,0,0,0,0,0,0,0,0,0,0,0,0,0,0,0,0,0,0,0,0,0,0,0,0,0,0,0,0,0,, Caught on clover,,
Wellington,60,42.8624,-80.97312,Agri,08/03/2017,2017,0,3,3,6,0,0,0,0,0,0,0,0,0,0,0,0,0,0,0,0,0,0,0,0,0,0,0,0,0,1,0,1,0,0,0,0,0,0,0,0,0,0,0,0,0,0,0,0,0,0,0,0,0,0,,,,
Lambton,61,43.28174,-81.80804,Natural,06/14/2017,2017,0,4,0,4,0,0,0,0,0,0,0,0,0,0,0,0,0,0,0,0,0,0,0,0,0,0,0,0,0,0,0,0,0,0,0,0,0,0,0,0,0,0,0,0,0,0,0,0,0,0,0,0,0,0,,,,
Chatham-Kent,62,42.03642,-82.55642,Agri,06/19/2017,2017,0,0,0,0,0,2,0,2,1,0,1,2,0,0,0,0,0,0,0,0,0,0,0,0,0,0,0,0,0,0,0,0,0,0,0,0,0,0,0,0,0,0,0,0,0,0,0,0,0,0,0,0,0,0,,All caught on clover,,
Essex,62,42.03642,-82.55642,Agri,08/16/2017,2017,0,0,0,0,0,0,0,0,1,2,5,8,1,0,1,2,0,0,0,0,0,0,0,0,0,0,0,0,0,0,0,0,0,0,0,0,0,0,0,0,0,0,0,0,0,0,0,0,0,0,0,0,0,0,,"fervidus male caught on bird tree foot, all fervidus females caught on clover, gris worker caught on sow thistle, impatiens caught on sow thistle and queen anne's lace",,
Lambton,63,42.79485,-82.17159,Agri,06/26/2017,2017,0,5,0,5,0,1,0,1,0,2,0,2,0,0,0,0,0,0,0,0,0,0,0,0,0,0,0,0,0,0,0,0,0,0,0,0,0,0,0,0,0,0,0,0,0,0,0,0,0,0,0,0,0,0,,"vagans caught on crown vetch, all other caught on cow vetch",,
Bruce,64,44.09933,-81.55688,Agri,06/28/2017,2017,0,0,0,0,0,1,0,1,0,1,0,1,0,0,0,0,0,0,0,0,0,0,0,0,0,0,0,0,0,0,0,0,0,0,0,0,0,0,0,0,0,0,0,0,0,0,0,0,0,0,0,0,0,0,,"Caught on burr, milkweed and thistle",,
Bruce,64,44.09933,-81.55688,Agri,08/14/2017,2017,0,0,0,0,0,0,0,0,0,0,0,0,0,0,0,0,0,0,0,0,0,0,0,0,0,0,0,0,0,0,0,0,0,0,0,0,0,0,0,0,0,0,0,0,0,0,0,0,0,0,0,0,0,0,,,,
Wellington,65,43.61972,-80.31062,Agri,07/11/2017,2017,0,13,0,13,0,2,0,2,0,2,0,2,0,0,0,0,0,0,0,0,0,0,0,0,0,0,0,0,0,0,0,0,0,0,0,0,0,0,0,0,0,0,0,0,0,0,0,0,0,0,0,0,0,0,,Found on cow vetch,,
Wellington,65,43.61972,-80.31062,Agri,08/16/2017,2017,0,0,0,0,0,0,0,0,0,0,0,0,0,0,0,0,0,0,0,0,0,1,0,1,0,0,0,0,0,0,0,0,0,0,0,0,0,0,0,0,0,0,0,0,0,0,0,0,0,0,0,0,0,0,,"Caught on bullthistle, queen anne's lace, clover, bird treefoot, sow thistle and chickory",,
Chatham-Kent,66,42.41014,-81.85481,Agri,08/15/2017,2017,0,0,0,0,0,2,0,2,0,6,1,7,0,0,0,0,0,0,0,0,0,0,0,0,0,0,0,0,0,0,0,0,0,0,0,0,0,0,0,0,0,0,0,0,0,0,0,0,0,0,0,0,0,0,,Caught on teasel,,
Oxford,67,43.1074,-80.80418,Natural,06/07/2017,2017,0,0,0,0,0,0,0,0,0,0,0,0,0,0,0,0,0,0,0,0,0,0,0,0,0,0,0,0,0,0,0,0,0,0,0,0,0,0,0,0,0,0,0,0,0,0,0,0,0,0,0,0,0,0,,,,
